"id","Product/Service Name","Quantity on hand","SKU","Actual Location","created_at","updated_at"
"1","Insulated Immersion Suit HYF-2-R L","51.0000","0IS01010","K","2026-07-29 15:55:55.278876+00","2026-09-03 16:09:12.707512+00"
"2","Thermal Protective Aid","10.0000","0IS02010","H","2026-07-29 16:58:52.69274+00","2026-09-10 19:12:01.666015+00"
"3","gas tight chemical protective suit HYFH-C2","5.0000","0IS03010","M","2026-07-29 16:58:53.223409+00","2026-09-03 16:24:56.402613+00"
"4","Gas tight Chemical Protective suit HYFH-C2 L","4.0000","0IS03020","M","2026-07-29 16:58:49.775888+00","2026-09-03 16:25:06.588752+00"
"5","Non air-tight Chemical Protective suit HYFH-C1 XL","10.0000","0IS04010","M","2026-07-29 16:58:51.366665+00","2026-09-03 18:21:34.87823+00"
"6","Non air-tight Chemical Protective suit HYFH-C1 L","10.0000","0IS04020","M","2026-07-29 16:58:51.316413+00","2026-09-03 18:21:25.284273+00"
"7","Infant Lifejacket  HYJ-I","10.0000","0LJ01010","I","2026-07-29 16:58:50.687936+00","2026-09-10 17:54:09.560365+00"
"8","Child Marine Lifejacket  HYJ-C1","20.0000","0LJ02010","I","2026-07-29 16:58:48.644727+00","2026-09-10 17:53:39.3048+00"
"9","Marine Life Jacket (Adult, Foam)   HYJ-A2","53.0000","0LJ03010","I","2026-07-29 16:58:51.075897+00","2026-09-10 17:53:09.746732+00"
"10","Working Lifejacket   HYJ-GB-D5","92.0000","0LJ04010","I","2026-07-29 16:58:53.125791+00","2026-09-10 17:52:14.594478+00"
"11","Lifebuoy 4.3kg  HY5555-4","23.0000","0LJ05010","I","2026-07-29 16:58:51.02087+00","2026-09-10 17:49:17.040316+00"
"12","Life Buoy Bracket  2.5Kg","10.0000","0LJ05011","I","2026-07-29 16:58:50.787446+00","2026-09-10 17:48:30.539501+00"
"13","Lifebuoy 2.5kg  HY5555","58.0000","0LJ05020","I","2026-07-29 16:58:50.97749+00","2026-09-10 17:50:15.411761+00"
"14","Buoyancy line","4.0000","0LJ06010",,"2026-07-29 16:58:48.595516+00","2026-07-29 16:58:48.595518+00"
"15","Life Jacket Light YD50","433.0000","0LT01010","H","2026-07-29 16:58:50.835734+00","2026-09-10 19:25:08.691182+00"
"16","LifeJacket Light YDL20","1.0000","0LT01020",,"2026-07-29 16:58:50.930007+00","2026-07-29 16:58:50.930014+00"
"17","Explosion Proof Lifejacket Light YDL12-Ex","348.0000","0LT01030","H","2026-07-29 16:58:48.986507+00","2026-09-10 19:12:53.328833+00"
"18","LifeBuoy Self-igniting light  HYQD20","76.0000","0LT02010","H","2026-07-29 16:58:50.880304+00","2026-09-10 19:11:41.015754+00"
"19","Explosion Proof Lifebuoy Self Igniting Light  FBQD2","51.0000","0LT02020","H","2026-07-29 16:58:48.937922+00","2026-09-10 19:11:49.618177+00"
"20","Pneumatic Line-Throwing Device","1.0000","0PL01010",,"2026-07-29 16:58:51.461141+00","2026-07-29 16:58:51.461145+00"
"21","Fire-fighter's protective suit (SCBA inside type) HYXF-C6 L","17.0000","1FF02010",,"2026-07-29 16:58:49.533889+00","2026-07-29 16:58:49.533894+00"
"22","Workmaster Isotec Boots (MED Certified)","16.0000","1FF02013","K","2026-07-29 16:58:53.172113+00","2026-09-10 17:39:33.464983+00"
"23","PAB MED Fire Helmet","16.0000","1FF02014","K","2026-07-29 16:58:51.411831+00","2026-09-03 18:27:02.333385+00"
"24","Fire Fighter’s Equipment Storage Bag","12.0000","1FF02015","K","2026-07-29 16:58:49.134675+00","2026-09-03 16:58:21.380708+00"
"25","Firefighter's gloves  HYXF-G1","93.0000","1FF03010","K","2026-07-29 16:58:49.635998+00","2026-09-10 17:38:42.772657+00"
"26","Fire Axe with Insulated Handle","5.0000","1FF04010",,"2026-07-29 16:58:49.035452+00","2026-07-29 16:58:49.035457+00"
"27","Fixed Bag for Fire Axe with Insulated Rubber Handle","9.0000","1FF04011",,"2026-07-29 16:58:49.683089+00","2026-07-29 16:58:49.683093+00"
"28","SCBA Cylinder 6L.G5/8 EMPTY","12.0000","1FF05010",,"2026-07-29 16:58:52.036452+00","2026-07-29 16:58:52.036458+00"
"29","SCBA Cylinder 6L.G5/8","6.0000","1FF05020",,"2026-07-29 16:58:51.985913+00","2026-07-29 16:58:51.985918+00"
"30","SCBA Full Set RZHK6.8/30","4.0000","1FF06010",,"2026-07-29 16:58:52.267251+00","2026-07-29 16:58:52.267255+00"
"31","SCBA FULL SET RZHK6.8/30(EMPTY)","0.0000","1FF06020",,"2026-07-29 16:58:52.127781+00","2026-07-29 16:58:52.127787+00"
"32","SCBA Full Set 6L","2.0000","1FF08010",,"2026-07-29 16:58:52.174007+00","2026-07-29 16:58:52.174014+00"
"33","SCBA Full Set 6L EMPTY","10.0000","1FF08020",,"2026-07-29 16:58:52.222883+00","2026-07-29 16:58:52.222887+00"
"34","SCBA Refilling Adapter G5/8","5.0000","1FF09011",,"2026-07-29 16:58:52.31339+00","2026-07-29 16:58:52.313394+00"
"35","Full Face Mask  HYM-Ⅰ","40.0000","1FF09012",,"2026-07-29 16:58:49.729971+00","2026-07-29 16:58:49.729975+00"
"36","SCBA Backboard","19.0000","1FF09013",,"2026-07-29 16:58:51.888169+00","2026-07-29 16:58:51.888172+00"
"37","SCBA Safety Screw / Locking Screw","100.0000","1FF09014",,"2026-07-29 16:58:52.361861+00","2026-07-29 16:58:52.361867+00"
"38","SCBA Burst Disc / Safety Rupture Disc","100.0000","1FF09015",,"2026-07-29 16:58:51.936017+00","2026-07-29 16:58:51.936022+00"
"39","Pressure Reducer Unit","29.0000","1FF09016",,"2026-07-29 16:58:51.843491+00","2026-07-29 16:58:51.843496+00"
"40","300 bar Pressure Gauge","10.0000","1FF09017",,"2026-07-29 16:58:47.837832+00","2026-09-02 14:35:44.763325+00"
"41","400 bar Pressure Gauge","26.0000","1FF09018",,"2026-07-29 16:58:47.881585+00","2026-07-29 16:58:47.88159+00"
"42","High-Pressure Hose Assembly with Pressure Gauge & Warning Whistle","30.0000","1FF09019",,"2026-07-29 16:58:49.820953+00","2026-07-29 16:58:49.820961+00"
"43","Supply Valve (with Φ9 Quick Connector) RHZK6/A-4","15.0000","1FF09021",,"2026-07-29 16:58:52.64802+00","2026-07-29 16:58:52.648024+00"
"44","Cylinder Valve","22.0000","1FF09022",,"2026-07-29 16:58:48.691717+00","2026-07-29 16:58:48.691722+00"
"45","SCBA Cylinder tester","9.0000","1FF09023",,"2026-07-29 16:58:52.083198+00","2026-07-29 16:58:52.083202+00"
"46","Safety Rope / Lifeline (30m) HYN-2","24.0000","1FF10010","I","2026-07-29 16:58:52.408095+00","2026-09-10 17:48:11.819904+00"
"47","EEBD TH15B(EMPTY)","6.0000","1FF11010",,"2026-07-29 16:58:48.795235+00","2026-07-29 16:58:48.79524+00"
"48","EEBD hood+hose","24.0000","1FF11011",,"2026-07-29 16:58:48.889328+00","2026-07-29 16:58:48.889332+00"
"49","EEBD Bag TH15B-5","50.0000","1FF11012",,"2026-07-29 16:58:48.746388+00","2026-07-29 16:58:48.746392+00"
"50","EEBD TH15B(FILLED)","0.0000","1FF11020",,"2026-07-29 16:58:48.844192+00","2026-07-29 16:58:48.8442+00"
"51","Firefighter Safety Belt","14.0000","1FF12010","K","2026-07-29 16:58:49.583115+00","2026-09-10 17:35:23.900886+00"
"52","50 NAKAJIMA TYPE I.S.C  DG50A","9.0000","1FH01010",,"2026-07-29 16:58:48.111868+00","2026-07-29 16:58:48.11188+00"
"53","50 GB/STORZ TYPE I.S.C  DG50","4.0000","1FH02010",,"2026-07-29 16:58:48.067661+00","2026-07-29 16:58:48.067667+00"
"54","65mm Nakajima Coupling  KD65","33.0000","1FH03010",,"2026-07-29 16:58:48.350252+00","2026-07-29 16:58:48.350257+00"
"55","50mm Nakajima Coupling  KD50","84.0000","1FH03020",,"2026-07-29 16:58:48.157625+00","2026-07-29 16:58:48.157631+00"
"56","40mm Nakajima Coupling   KD40","12.0000","1FH03030",,"2026-07-29 16:58:47.929385+00","2026-07-29 16:58:47.929392+00"
"57","65mm Storz-Type Hose Coupling  KD65C","20.0000","1FH04010",,"2026-07-29 16:58:48.496979+00","2026-07-29 16:58:48.49699+00"
"58","50mm Storz-Type Hose Coupling 2""","41.0000","1FH04020",,"2026-07-29 16:58:48.302675+00","2026-07-29 16:58:48.302682+00"
"59","Storz Type 40mm Hose Coupling","8.0000","1FH04030",,"2026-07-29 16:58:52.506853+00","2026-07-29 16:58:52.506864+00"
"60","Fire hose FM 65*25m","25.0000","1FH05010","L","2026-07-29 16:58:49.480169+00","2026-09-03 14:44:05.199843+00"
"61","Fire hose FM 65*20m","20.0000","1FH05020","L","2026-07-29 16:58:49.431381+00","2026-09-03 14:44:01.559731+00"
"62","Fire hose FM 65*15m","10.0000","1FH05030","L","2026-07-29 16:58:49.37644+00","2026-09-03 14:43:58.869505+00"
"63","Fire hose DN 50*25m","4.0000","1FH06010","L","2026-07-29 16:58:49.326831+00","2026-09-03 14:52:56.205862+00"
"64","Fire hose DN 50*20m","20.0000","1FH06020","L","2026-07-29 16:58:49.277204+00","2026-09-03 14:52:52.825097+00"
"65","Fire hose DN 40*20m","20.0000","1FH06040",,"2026-07-29 16:58:49.231624+00","2026-07-29 16:58:49.231631+00"
"66","Fire hose DN 40*15m","10.0000","1FH06050",,"2026-07-29 16:58:49.182566+00","2026-07-29 16:58:49.182573+00"
"67","ANSI Type 65mm Dual-Purpose Fire Nozzle","10.0000","1FH08010",,"2026-07-29 16:58:48.54127+00","2026-07-29 16:58:48.541274+00"
"68","Nakajima-Type 65mm Dual-Purpose Fire Nozzle","17.0000","1FH09010",,"2026-07-29 16:58:51.268965+00","2026-07-29 16:58:51.268976+00"
"69","Nakajima Type 50mm Dual-Purpose Fire Nozzle","100.0000","1FH09020",,"2026-07-29 16:58:51.222763+00","2026-07-29 16:58:51.222774+00"
"70","Nakajima Type 40mm Dual-Purpose Fire Nozzle","10.0000","1FH09030",,"2026-07-29 16:58:51.173752+00","2026-07-29 16:58:51.173763+00"
"71","Storz Type 65mm Dual-Purpose Fire Nozzle","30.0000","1FH10010",,"2026-07-29 16:58:52.603215+00","2026-07-29 16:58:52.60322+00"
"72","Storz Type 50mm Dual-Purpose Fire Nozzle","29.0000","1FH10020",,"2026-07-29 16:58:52.555808+00","2026-07-29 16:58:52.555816+00"
"73","Storz Type 40mm Dual-Purpose Fire Nozzle","0.0000","1FH10030",,"2026-07-29 16:58:52.459291+00","2026-07-29 16:58:52.459301+00"
"74","65mm Nakajima Type Blank Cap with Chain","10.0000","1FH11010",,"2026-07-29 16:58:48.397974+00","2026-07-29 16:58:48.397986+00"
"75","50mm Nakajima Type Blank Cap with Chain","50.0000","1FH11020",,"2026-07-29 16:58:48.202721+00","2026-07-29 16:58:48.202727+00"
"76","40mm Nakajima Type Blank Cap with Chain","10.0000","1FH11030",,"2026-07-29 16:58:47.978051+00","2026-07-29 17:11:17.943155+00"
"77","65mm Storz Type Blank Cap with Chain","19.0000","1FH12010",,"2026-07-29 16:58:48.443228+00","2026-07-29 16:58:48.443233+00"
"78","50mm Storz Blank Cap with Chain","50.0000","1FH12020",,"2026-07-29 16:58:48.247712+00","2026-07-29 16:58:48.247718+00"
"79","40mm Storz Type Blank Cap with Chain","5.0000","1FH12030",,"2026-07-29 16:58:48.022425+00","2026-07-29 16:58:48.022431+00"
"80","Multi-Purpose Fire Extingsher Strap","440.0000","1FX01010","K","2026-07-29 16:58:51.125025+00","2026-09-10 17:54:52.104441+00"
"81","Fire Extinguisher Bracket","48.0000","1FX02010","J","2026-07-29 16:58:49.085914+00","2026-09-10 17:47:34.911527+00"
"82","Portable CO2 fire extinguisher MT5","20.0000","1FX03010",,"2026-07-29 16:58:51.515209+00","2026-07-29 16:58:51.515214+00"
"83","Wheeled Foam Fire extinguisher 45L HY-F45","0.0000","1FX04010",,"2026-07-29 16:58:52.87915+00","2026-07-29 16:58:52.879153+00"
"84","Wheeled Foam Fire extinguisher 45L HY-45C","0.0000","1FX04020",,"2026-07-29 16:58:52.834953+00","2026-07-29 16:58:52.834964+00"
"85","Wheeled dry powder fire extinguisher 50kg HY-P50","1.0000","1FX05010",,"2026-07-29 16:58:53.027823+00","2026-07-29 16:58:53.027828+00"
"86","Wheeled dry powder fire extinguisher 50kg HY-P50C","1.0000","1FX05020",,"2026-07-29 16:58:53.07731+00","2026-07-29 16:58:53.077315+00"
"87","Wheeled dry powder fire extinguisher 25kg HY-P25","2.0000","1FX06010",,"2026-07-29 16:58:52.924136+00","2026-07-29 16:58:52.924145+00"
"88","Wheeled dry powder fire extinguisher 25kg HY-P25C","2.0000","1FX06020",,"2026-07-29 16:58:52.96939+00","2026-07-29 16:58:52.969396+00"
"89","Portable Foam fire extinguisher 9L HY-F9","0.0000","1FX07010",,"2026-07-29 16:58:51.561902+00","2026-07-29 16:58:51.561905+00"
"90","Portable Foam fire extinguisher 9L HY-F9C","0.0000","1FX07020",,"2026-07-29 16:58:51.608758+00","2026-07-29 16:58:51.60876+00"
"91","Portable dry powder fire extinguisher 12KG HY-P12","10.0000","1FX08010","M","2026-07-29 16:58:51.654168+00","2026-09-10 17:08:03.729297+00"
"92","Portable dry powder fire extinguisher 12KG HY-P12C","20.0000","1FX08020","M","2026-07-29 16:58:51.703464+00","2026-09-10 17:08:06.692775+00"
"93","Portable dry powder fire extinguisher 6KG HY-P6","20.0000","1FX09010",,"2026-07-29 16:58:51.748003+00","2026-07-29 16:58:51.748008+00"
"94","Portable dry powder fire extinguisher 6KG HY-P6C","40.0000","1FX09020","M","2026-07-29 16:58:51.794023+00","2026-09-10 17:08:13.068249+00"
"95","Immersion-suit Calibration Tool  BWFY-3","3.0000","1TM01010","H","2026-07-29 16:58:50.63936+00","2026-09-10 19:12:18.085353+00"
"96","IMO sign - Exit, 150 × 150","20.0000","1TM02010",,"2026-07-29 16:58:50.306202+00","2026-07-29 16:58:50.306212+00"
"97","IMO sign - Escape Window, 150 × 400","20.0000","1TM02020",,"2026-07-29 16:58:50.067062+00","2026-07-29 16:58:50.067077+00"
"98","IMO sign - Exit for Emergency Use Only(R), 150 × 300","20.0000","1TM02030",,"2026-07-29 16:58:50.215288+00","2026-07-29 16:58:50.215293+00"
"99","IMO sign - EXIT (L) 150 × 150","20.0000","1TM02040",,"2026-07-29 16:58:49.975915+00","2026-07-29 16:58:49.975918+00"
"100","IMO sign - EXIT (R), 150 × 150","20.0000","1TM02050",,"2026-07-29 16:58:50.02229+00","2026-07-29 16:58:50.022296+00"
"101","IMO sign - Exit for Emergency Use Only, 150 × 150","20.0000","1TM02060",,"2026-07-29 16:58:50.262203+00","2026-07-29 16:58:50.262215+00"
"102","IMO sign - Exit 150 × 300","20.0000","1TM02070",,"2026-07-29 16:58:50.113301+00","2026-07-29 16:58:50.113312+00"
"103","IMO sign - Exit for Emergency Use Only(L), 150 × 300","20.0000","1TM02080",,"2026-07-29 16:58:50.161843+00","2026-07-29 16:58:50.161849+00"
"104","IMO sign - EMERGENCY STOP, 100 × 300","20.0000","1TM02090",,"2026-07-29 16:58:49.870562+00","2026-07-29 16:58:49.870567+00"
"105","IMO sign - ESCAPE LADDER, 100 × 300","20.0000","1TM02100",,"2026-07-29 16:58:49.919853+00","2026-07-29 16:58:49.91986+00"
"106","IMO sign - FIRE EXTINGUISHER, 150 × 150","20.0000","1TM02110",,"2026-07-29 16:58:50.351286+00","2026-07-29 16:58:50.351297+00"
"107","IMO sign - FIRE HOSE, 150 × 150","20.0000","1TM02120",,"2026-07-29 16:58:50.401546+00","2026-07-29 16:58:50.401557+00"
"108","IMO sign -First Aid, 100 × 300","20.0000","1TM02130",,"2026-07-29 16:58:50.548788+00","2026-07-29 16:58:50.548799+00"
"109","IMO sign - LIFEJACKET, 150 × 150","20.0000","1TM02140",,"2026-07-29 16:58:50.503091+00","2026-07-29 16:58:50.503102+00"
"110","IMO sign - LIFEBUOY, 150 × 150","20.0000","1TM02150",,"2026-07-29 16:58:50.453712+00","2026-07-29 16:58:50.453719+00"
"111","IMO sign -SAFETY SIGN W/O TEXT (IMO), EMBARKATION LADDER 150 × 150","20.0000","1TM02160",,"2026-07-29 16:58:50.594245+00","2026-07-29 16:58:50.594257+00"
"112","Wheeled Foam Fire extinguisher 135L HY-F135","0.0000","EXF135",,"2026-07-29 16:58:52.785391+00","2026-07-29 16:58:52.785394+00"
"113","Wheeled Foam Fire extinguisher 135L HY-135C","0.0000","EXF135C",,"2026-07-29 16:58:52.738755+00","2026-07-29 16:58:52.73876+00"